{
	"start":	{
		"connected":	[{
				"socket":	5,
				"local_host":	"192.168.1.11",
				"local_port":	49542,
				"remote_host":	"192.168.2.22",
				"remote_port":	5201
			}],
		"version":	"iperf 3.7",
		"system_info":	"Linux client 5.4.0-144-generic #161-Ubuntu SMP Fri Feb 3 14:49:04 UTC 2023 x86_64",
		"timestamp":	{
			"time":	"Mon, 27 Mar 2023 09:32:43 GMT",
			"timesecs":	1679909563
		},
		"connecting_to":	{
			"host":	"192.168.2.22",
			"port":	5201
		},
		"cookie":	"ou3nzwtw6u5knsl6q5frg3jnsxjbrjarzcah",
		"tcp_mss_default":	1448,
		"sock_bufsize":	0,
		"sndbuf_actual":	16384,
		"rcvbuf_actual":	131072,
		"test_start":	{
			"protocol":	"TCP",
			"num_streams":	1,
			"blksize":	131072,
			"omit":	0,
			"duration":	10,
			"bytes":	0,
			"blocks":	0,
			"reverse":	0,
			"tos":	0
		}
	},
	"intervals":	[{
			"streams":	[{
					"socket":	5,
					"start":	0,
					"end":	1.001448,
					"seconds":	1.0014480352401733,
					"bytes":	1210528,
					"bits_per_second":	9670221.1789526064,
					"retransmits":	4,
					"snd_cwnd":	39096,
					"rtt":	37214,
					"rttvar":	913,
					"pmtu":	1500,
					"omitted":	false,
					"sender":	true
				}],
			"sum":	{
				"start":	0,
				"end":	1.001448,
				"seconds":	1.0014480352401733,
				"bytes":	1210528,
				"bits_per_second":	9670221.1789526064,
				"retransmits":	4,
				"omitted":	false,
				"sender":	true
			}
		}, {
			"streams":	[{
					"socket":	5,
					"start":	1.001448,
					"end":	2.001098,
					"seconds":	0.99965000152587891,
					"bytes":	1107720,
					"bits_per_second":	8864862.6884142384,
					"retransmits":	2,
					"snd_cwnd":	37648,
					"rtt":	33226,
					"rttvar":	1605,
					"pmtu":	1500,
					"omitted":	false,
					"sender":	true
				}],
			"sum":	{
				"start":	1.001448,
				"end":	2.001098,
				"seconds":	0.99965000152587891,
				"bytes":	1107720,
				"bits_per_second":	8864862.6884142384,
				"retransmits":	2,
				"omitted":	false,
				"sender":	true
			}
		}, {
			"streams":	[{
					"socket":	5,
					"start":	2.001098,
					"end":	3.000757,
					"seconds":	0.99965900182724,
					"bytes":	1107720,
					"bits_per_second":	8864782.8747622073,
					"retransmits":	2,
					"snd_cwnd":	43440,
					"rtt":	38103,
					"rttvar":	1220,
					"pmtu":	1500,
					"omitted":	false,
					"sender":	true
				}],
			"sum":	{
				"start":	2.001098,
				"end":	3.000757,
				"seconds":	0.99965900182724,
				"bytes":	1107720,
				"bits_per_second":	8864782.8747622073,
				"retransmits":	2,
				"omitted":	false,
				"sender":	true
			}
		}, {
			"streams":	[{
					"socket":	5,
					"start":	3.000757,
					"end":	4.000185,
					"seconds":	0.99942797422409058,
					"bytes":	1172880,
					"bits_per_second":	9388410.41275091,
					"retransmits":	4,
					"snd_cwnd":	36200,
					"rtt":	30045,
					"rttvar":	542,
					"pmtu":	1500,
					"omitted":	false,
					"sender":	true
				}],
			"sum":	{
				"start":	3.000757,
				"end":	4.000185,
				"seconds":	0.99942797422409058,
				"bytes":	1172880,
				"bits_per_second":	9388410.41275091,
				"retransmits":	4,
				"omitted":	false,
				"sender":	true
			}
		}, {
			"streams":	[{
					"socket":	5,
					"start":	4.000185,
					"end":	5.000723,
					"seconds":	1.0005379915237427,
					"bytes":	1107720,
					"bits_per_second":	8856995.0117578432,
					"retransmits":	2,
					"snd_cwnd":	41992,
					"rtt":	37214,
					"rttvar":	2481,
					"pmtu":	1500,
					"omitted":	false,
					"sender":	true
				}],
			"sum":	{
				"start":	4.000185,
				"end":	5.000723,
				"seconds":	1.0005379915237427,
				"bytes":	1107720,
				"bits_per_second":	8856995.0117578432,
				"retransmits":	2,
				"omitted":	false,
				"sender":	true
			}
		}, {
			"streams":	[{
					"socket":	5,
					"start":	5.000723,
					"end":	6.000351,
					"seconds":	0.99962800741195679,
					"bytes":	1042560,
					"bits_per_second":	8343583.7513132067,
					"retransmits":	6,
					"snd_cwnd":	31856,
					"rtt":	28151,
					"rttvar":	867,
					"pmtu":	1500,
					"omitted":	false,
					"sender":	true
				}],
			"sum":	{
				"start":	5.000723,
				"end":	6.000351,
				"seconds":	0.99962800741195679,
				"bytes":	1042560,
				"bits_per_second":	8343583.7513132067,
				"retransmits":	6,
				"omitted":	false,
				"sender":	true
			}
		}, {
			"streams":	[{
					"socket":	5,
					"start":	6.000351,
					"end":	7.001077,
					"seconds":	1.0007259845733643,
					"bytes":	1172880,
					"bits_per_second":	9376232.9994861037,
					"retransmits":	2,
					"snd_cwnd":	39096,
					"rtt":	33411,
					"rttvar":	1046,
					"pmtu":	1500,
					"omitted":	false,
					"sender":	true
				}],
			"sum":	{
				"start":	6.000351,
				"end":	7.001077,
				"seconds":	1.0007259845733643,
				"bytes":	1172880,
				"bits_per_second":	9376232.9994861037,
				"retransmits":	2,
				"omitted":	false,
				"sender":	true
			}
		}, {
			"streams":	[{
					"socket":	5,
					"start":	7.001077,
					"end":	8.000704,
					"seconds":	0.99962699413299561,
					"bytes":	1042560,
					"bits_per_second":	8343592.2088457914,
					"retransmits":	4,
					"snd_cwnd":	44888,
					"rtt":	39164,
					"rttvar":	1162,
					"pmtu":	1500,
					"omitted":	false,
					"sender":	true
				}],
			"sum":	{
				"start":	7.001077,
				"end":	8.000704,
				"seconds":	0.99962699413299561,
				"bytes":	1042560,
				"bits_per_second":	8343592.2088457914,
				"retransmits":	4,
				"omitted":	false,
				"sender":	true
			}
		}, {
			"streams":	[{
					"socket":	5,
					"start":	8.000704,
					"end":	9.000811,
					"seconds":	1.0001070499420166,
					"bytes":	1172880,
					"bits_per_second":	9382035.653627282,
					"retransmits":	3,
					"snd_cwnd":	36200,
					"rtt":	32966,
					"rttvar":	3149,
					"pmtu":	1500,
					"omitted":	false,
					"sender":	true
				}],
			"sum":	{
				"start":	8.000704,
				"end":	9.000811,
				"seconds":	1.0001070499420166,
				"bytes":	1172880,
				"bits_per_second":	9382035.653627282,
				"retransmits":	3,
				"omitted":	false,
				"sender":	true
			}
		}, {
			"streams":	[{
					"socket":	5,
					"start":	9.000811,
					"end":	10.000672,
					"seconds":	0.99986100196838379,
					"bytes":	1107720,
					"bits_per_second":	8862991.9384336732,
					"retransmits":	2,
					"snd_cwnd":	41992,
					"rtt":	35038,
					"rttvar":	1082,
					"pmtu":	1500,
					"omitted":	false,
					"sender":	true
				}],
			"sum":	{
				"start":	9.000811,
				"end":	10.000672,
				"seconds":	0.99986100196838379,
				"bytes":	1107720,
				"bits_per_second":	8862991.9384336732,
				"retransmits":	2,
				"omitted":	false,
				"sender":	true
			}
		}],
	"end":	{
		"streams":	[{
				"sender":	{
					"socket":	5,
					"start":	0,
					"end":	10.000672,
					"seconds":	10.000672,
					"bytes":	11245168,
					"bits_per_second":	8995529.9003906939,
					"retransmits":	31,
					"max_snd_cwnd":	44888,
					"max_rtt":	39164,
					"min_rtt":	28151,
					"mean_rtt":	34453,
					"sender":	true
				},
				"receiver":	{
					"socket":	5,
					"start":	0,
					"end":	10.048195,
					"seconds":	10.000672,
					"bytes":	10999008,
					"bits_per_second":	8757002.0287225712,
					"sender":	true
				}
			}],
		"sum_sent":	{
			"start":	0,
			"end":	10.000672,
			"seconds":	10.000672,
			"bytes":	11245168,
			"bits_per_second":	8995529.9003906939,
			"retransmits":	31,
			"sender":	true
		},
		"sum_received":	{
			"start":	0,
			"end":	10.048195,
			"seconds":	10.048195,
			"bytes":	10999008,
			"bits_per_second":	8757002.0287225712,
			"sender":	true
		},
		"cpu_utilization_percent":	{
			"host_total":	0.5948281284514354,
			"host_user":	0.063631077204818309,
			"host_system":	0.53119705124661709,
			"remote_total":	0.31686889986202094,
			"remote_user":	0.011741633447513057,
			"remote_system":	0.30512726641450788
		},
		"sender_tcp_congestion":	"cubic",
		"receiver_tcp_congestion":	"cubic"
	}
}
